step,loss,lr,batch_size
1,1.5004061460494995,5e-06,8
2,1.4690327644348145,1e-05,8
3,1.4827622175216675,1.5000000000000002e-05,8
4,1.3314517736434937,2e-05,8
5,1.3640365600585938,2.5e-05,8
6,1.4705119132995605,3.0000000000000004e-05,8
7,1.286969780921936,3.5e-05,8
8,1.2780174016952515,4e-05,8
9,1.4153236150741577,4.5e-05,8
10,1.439095377922058,5e-05,8
11,1.4099705219268799,5.5e-05,8
12,1.4614754915237427,6.000000000000001e-05,8
13,1.492302417755127,6.500000000000001e-05,8
14,1.3465299606323242,7e-05,8
15,1.433311104774475,7.500000000000001e-05,8
16,1.3526304960250854,8e-05,8
17,1.5198581218719482,8.5e-05,8
18,1.017367959022522,9e-05,8
19,1.2958073616027832,9.5e-05,8
20,1.5426177978515625,0.0001,8
21,1.4080421924591064,0.0001,8
22,1.6187615394592285,0.0001,8
23,1.2945176362991333,0.0001,8
24,1.4668735265731812,0.0001,8
25,1.1583316326141357,0.0001,8
26,1.2960798740386963,0.0001,8
27,1.496433973312378,0.0001,8
28,1.4362127780914307,0.0001,8
29,1.0702069997787476,0.0001,8
30,1.1785227060317993,0.0001,8
31,1.0875632762908936,0.0001,8
32,1.1169369220733643,0.0001,8
33,1.1553577184677124,0.0001,8
34,1.1230170726776123,0.0001,8
35,1.1933090686798096,0.0001,8
36,1.3052743673324585,0.0001,8
37,1.0482035875320435,0.0001,8
38,1.3055626153945923,0.0001,8
39,1.0433690547943115,0.0001,8
40,1.1405819654464722,0.0001,8
41,1.1758965253829956,0.0001,8
42,1.1916521787643433,0.0001,8
43,1.2226240634918213,0.0001,8
44,0.990693211555481,0.0001,8
45,1.128633975982666,0.0001,8
46,1.0120396614074707,0.0001,8
47,1.4366475343704224,0.0001,8
48,1.1794390678405762,0.0001,8
49,1.0850926637649536,0.0001,8
50,1.0131630897521973,0.0001,8
51,1.191148281097412,0.0001,8
52,1.2185605764389038,0.0001,8
53,1.1495234966278076,0.0001,8
54,0.8314788341522217,0.0001,8
55,1.176080346107483,0.0001,8
56,1.2472262382507324,0.0001,8
57,1.028665542602539,0.0001,8
58,0.9395347833633423,0.0001,8
59,0.9351513981819153,0.0001,8
60,1.248666763305664,0.0001,8
61,1.0822604894638062,0.0001,8
62,1.3562449216842651,0.0001,8
63,1.0891987085342407,0.0001,8
64,1.0742390155792236,0.0001,8
65,0.9189749360084534,0.0001,8
66,0.8848686814308167,0.0001,8
67,0.9032772779464722,0.0001,8
68,1.0796138048171997,0.0001,8
69,1.0198901891708374,0.0001,8
70,1.2271287441253662,0.0001,8
71,1.0631639957427979,0.0001,8
72,0.8410787582397461,0.0001,8
73,0.8427898287773132,0.0001,8
74,1.057763695716858,0.0001,8
75,1.3014694452285767,0.0001,8
76,0.9151636958122253,0.0001,8
77,1.1048012971878052,0.0001,8
78,1.0185105800628662,0.0001,8
79,1.0375699996948242,0.0001,8
80,1.0427603721618652,0.0001,8
81,0.9904393553733826,0.0001,8
82,0.866031289100647,0.0001,8
83,1.1412274837493896,0.0001,8
84,0.9295178055763245,0.0001,8
85,0.7966199517250061,0.0001,8
86,0.9991776943206787,0.0001,8
87,1.1134402751922607,0.0001,8
88,0.8890610933303833,0.0001,8
89,0.9313842058181763,0.0001,8
90,0.9484334588050842,0.0001,8
91,1.0596376657485962,0.0001,8
92,1.0370581150054932,0.0001,8
93,0.9421448707580566,0.0001,8
94,0.8891401886940002,0.0001,8
95,0.9013791680335999,0.0001,8
96,0.9025410413742065,0.0001,8
97,0.9781569242477417,0.0001,8
98,0.780002236366272,0.0001,8
99,0.823980987071991,0.0001,8
100,0.7817894816398621,0.0001,8
101,0.7780084013938904,0.0001,8
102,1.034623622894287,0.0001,8
103,0.6481947898864746,0.0001,8
104,0.9266595244407654,0.0001,8
105,1.0816339254379272,0.0001,8
106,1.1212955713272095,0.0001,8
107,0.8546216487884521,0.0001,8
108,1.0171167850494385,0.0001,8
109,1.1604365110397339,0.0001,8
110,0.8418916463851929,0.0001,8
111,0.7642617225646973,0.0001,8
112,0.6167365312576294,0.0001,8
113,1.284515619277954,0.0001,8
114,0.9951125383377075,0.0001,8
115,0.7220156788825989,0.0001,8
116,0.9334067106246948,0.0001,8
117,1.1068257093429565,0.0001,8
118,0.8352508544921875,0.0001,8
119,0.6558139324188232,0.0001,8
120,1.1747722625732422,0.0001,8
121,1.0852652788162231,0.0001,8
122,0.7606156468391418,0.0001,8
123,1.1622124910354614,0.0001,8
124,0.9158596992492676,0.0001,8
125,0.6792021989822388,0.0001,8
126,0.8207323551177979,0.0001,8
127,0.7772444486618042,0.0001,8
128,1.0749777555465698,0.0001,8
129,0.7461178302764893,0.0001,8
130,1.0547959804534912,0.0001,8
131,0.9817847609519958,0.0001,8
132,0.8918578028678894,0.0001,8
133,0.7817674279212952,0.0001,8
134,0.8040033578872681,0.0001,8
135,0.7138984203338623,0.0001,8
136,1.1217353343963623,0.0001,8
137,0.7988668084144592,0.0001,8
138,0.8025339841842651,0.0001,8
139,0.8179466724395752,0.0001,8
140,0.8773727416992188,0.0001,8
141,0.5835005640983582,0.0001,8
142,1.09308660030365,0.0001,8
143,0.6995523571968079,0.0001,8
144,0.9223309755325317,0.0001,8
145,0.7227843403816223,0.0001,8
146,0.8229972720146179,0.0001,8
147,0.7984189987182617,0.0001,8
148,0.9496591091156006,0.0001,8
149,0.8507130146026611,0.0001,8
150,1.1260844469070435,0.0001,8
151,0.9634841680526733,0.0001,8
152,0.8507137298583984,0.0001,8
153,0.8102433085441589,0.0001,8
154,0.9541318416595459,0.0001,8
155,0.8185430765151978,0.0001,8
156,0.8053104877471924,0.0001,8
157,1.100130319595337,0.0001,8
158,0.8611263036727905,0.0001,8
159,0.9042689204216003,0.0001,8
160,0.7837352752685547,0.0001,8
161,0.7957849502563477,0.0001,8
162,0.8110477328300476,0.0001,8
163,1.0229073762893677,0.0001,8
164,0.7732328176498413,0.0001,8
165,0.9416698813438416,0.0001,8
166,0.9055579304695129,0.0001,8
167,0.7328250408172607,0.0001,8
168,0.8280764222145081,0.0001,8
169,0.9003193378448486,0.0001,8
170,0.973858118057251,0.0001,8
171,1.4704678058624268,0.0001,8
172,0.7670226693153381,0.0001,8
173,0.8851780295372009,0.0001,8
174,0.8880202770233154,0.0001,8
175,0.8732454776763916,0.0001,8
176,0.7027260065078735,0.0001,8
177,1.2038993835449219,0.0001,8
178,1.0625391006469727,0.0001,8
179,0.9753778576850891,0.0001,8
180,1.2101945877075195,0.0001,8
181,0.8880453109741211,0.0001,8
182,0.8782561421394348,0.0001,8
183,1.1697379350662231,0.0001,8
184,0.7826300859451294,0.0001,8
185,1.034152865409851,0.0001,8
186,1.0570569038391113,0.0001,8
187,1.087074637413025,0.0001,8
188,0.7577047348022461,0.0001,8
189,1.0092787742614746,0.0001,8
190,0.7982689738273621,0.0001,8
191,1.0739895105361938,0.0001,8
192,0.8885701298713684,0.0001,8
193,0.8936058878898621,0.0001,8
194,0.7831637859344482,0.0001,8
195,1.196200966835022,0.0001,8
196,0.603185772895813,0.0001,8
197,0.7367852926254272,0.0001,8
198,0.7759534120559692,0.0001,8
199,0.9329986572265625,0.0001,8
200,1.0143345594406128,0.0001,8
